23.1282509839581,14.679422661620192,4.108103252874977,40.648098761971504,78.13778769254739,35.10634884439858,40.870231922187024,87.13621501230831,36.77690156113278,33.78235708976956,92.15597530041181,35.58426299037853,25.51737618123528,80.36365738110992,40.32883231793847,0.0
23.69524748653079,14.892726823885779,4.741534977079808,40.75826707537087,77.56619254768411,35.41091066578494,40.79752037335216,87.16270445902084,37.1907089103083,33.836289361407125,92.2086520564548,35.95403651155615,25.756856761019364,80.61036600555943,40.91080934286576,0.0
23.153254542023824,15.062901233402025,4.718148028296327,40.74848434818688,78.17821177827079,35.27474452054555,41.05142288441499,87.39963068268011,37.04921031892922,33.94028876186231,92.42961087134947,36.03137725297836,26.02601285021142,80.61651917014198,40.94483030364588,0.0
23.246945789975346,14.790732589503437,3.6374772571810663,40.469288774311956,77.79172973006976,35.251178619223445,41.01627416888169,87.18196994153347,37.06032385513257,33.905670853294865,92.4157450604857,35.85334660770834,26.206322822643635,80.60738875428275,41.083089403554595,0.0
23.4831257624022,14.861320986557667,3.599995139453912,40.40523097751835,79.06836830368371,34.86785670189947,41.18666620069296,87.73882655400624,36.89020663033764,33.89013495757098,92.9749564918573,36.09265679278022,26.005892856247765,80.89566298453578,41.33866021735899,0.0
23.601163255844543,15.275901609931484,2.2810704051445954,39.55559343294953,79.8279948258841,35.12243635394358,40.19347053977375,88.5894622053676,36.68877790746079,33.370217811750294,93.61963569373754,35.60081941558039,25.681868100792435,81.98488571735847,40.68169621861369,0.0
23.756274318063763,14.32670510642604,1.9884510530186583,40.87470894927452,77.41402760967031,35.096671769835424,41.13643402014805,86.93645385163158,37.168058896072566,34.22483477336659,91.77087785945514,36.19757927016057,26.416221348616247,79.98776076460626,41.51599015086753,0.0
23.651767161564404,14.813355564346075,2.802828131210547,39.62853397860442,79.73186301576156,35.79029592343763,40.12657156400262,88.05598666641103,37.5100190997169,33.50227125870092,92.70124775559987,36.541966936024146,25.805918264450156,81.14458933688604,41.50885972810077,0.0
23.71757997816838,14.62905011462108,0.9545576540196484,40.002071722609344,78.75284373661438,35.1571685477798,40.62874169706307,87.70554931829359,37.109514516398825,33.966066297229126,92.22031360013227,36.04972988548155,26.073977625241586,80.71911920731284,41.50119364441058,0.0
23.802408256271487,14.496290945823695,2.6110290960778593,40.20041851306475,78.17332446134304,35.27555550731341,40.77631885418278,87.63414628026919,36.96357543120144,33.8111199721432,92.40987948249045,36.17142991279145,26.002079112001628,80.24899553704553,41.77990784121373,0.0
23.23428071015547,14.556299486105171,1.7392135456121975,40.398172885733544,78.61468120217295,35.15859238577578,41.113867684159494,87.80492064986773,36.952545403404194,34.23545468343645,92.6111129333983,35.91129536974706,26.16077639745615,80.84772879481773,41.28753816549056,0.0
23.987469006430644,14.82295052371567,2.4604946574325512,39.573015558268665,79.12084947976932,35.72793340029246,40.50135602185797,87.87912146993393,37.448861851918274,33.65800775243109,92.583547807783,36.43732975261114,25.654650215110646,81.0456344142711,41.55891486002913,0.0
23.803767370954752,14.534939732862538,1.8737165123624386,40.3561484616146,78.27153536046659,35.53202131741349,40.742789648208074,87.18782527514458,37.23439775861631,33.748971895047134,91.94410283768565,36.25683713252047,25.67078588254547,80.82611763103087,41.52438227287426,0.0
23.408201461494894,14.663291237942161,3.4952554067551316,39.82828873951284,78.59713543838622,35.07669775771249,40.11325433041566,87.28599452369433,37.20061632563639,33.354068181136654,91.80407986162469,36.20288596691964,25.48460380938016,80.0967604632796,41.91844805044998,0.0
23.17293330663232,14.58962932624714,3.517049959530483,39.897673908853974,79.5736809741709,34.96947233107583,40.209858721510905,88.3740716442035,36.93389962892381,33.34346952653653,92.90506448156147,35.87996933491216,25.498537415772393,80.64436248968622,41.745062568722254,0.0
23.24633132679171,14.736934526163678,3.597648162110935,40.09620139818182,78.78707206208153,35.33609808997814,40.664980719861205,87.84128592884586,37.0448017077191,33.68486026419061,92.66942964976775,35.7391281939682,25.889358495871253,80.14174385628355,41.38721980713509,0.0
23.444017260646245,14.702549033413414,3.458676548739606,39.47175654567291,80.97454315298461,35.228661074863496,40.06040732399213,89.2284872716855,37.189467755096416,33.53394716335487,93.42403003233103,36.037420205114,25.688712854811588,81.27026047486487,41.25973240796029,0.0
23.581713077580297,14.694526763142036,3.4660423081766814,40.38038634088148,78.20809553470157,35.159215705379346,40.66316675787928,86.98526238355294,37.2114420287165,33.90078678892743,91.53444493744331,36.21883140905606,26.21567937745112,79.89009014516718,41.616980502643905,0.0
23.288559481774794,14.627152211112728,1.9429770514191569,39.60497270767592,80.60386346036265,35.269868672635916,40.16059107724385,88.81400037690887,37.01044252787673,33.589299794510865,93.38829953098886,35.54032902776024,25.882241526376212,81.34167401487925,40.81405829683263,0.0
23.437322009669366,14.940497129979992,2.9439446905451585,40.357195764359844,78.79704545231368,34.95828526983168,40.7628571155322,87.69314270940244,36.706662035541385,33.93849956332917,92.56400715632974,35.52986511185742,26.054910521893994,80.90423130654484,40.80084193139479,0.0
23.273485532353295,14.65084372204435,2.8776860808246543,39.87613619433103,79.56172286753745,34.976517775034466,40.3579248690449,87.97756984403458,36.84070935508006,33.76821080912497,92.2792022190172,35.599616680077624,25.964035375928948,79.94689936608962,41.024794478523525,0.0
23.085420775788634,15.131770993274163,3.2368608635835927,40.407073762325616,79.37210551476656,34.68331309441711,40.92621610309886,88.12774640927417,36.63178057917788,33.82414556830712,93.1722308919997,35.387549474948464,25.947084826032018,81.01536387091728,40.75880844788054,0.0
23.391770433732823,14.791388602858156,3.088028309647919,40.28925750320121,80.31594239534276,34.73962992229446,40.7003568049268,88.85006830574099,36.62246449657292,33.84088186065371,93.34435888934402,35.42695661049248,26.018682508846524,81.40978418368688,40.50299082920026,0.0
23.688798546873535,14.76306585450303,3.107597008755578,40.40995558304798,79.22742369552617,35.371606536373925,40.62140463056152,88.37108094274434,36.823697364960516,33.392467960820674,93.45007878676124,35.72399182732486,25.586952299215564,81.19222302167168,40.85363480204151,0.0
22.69466076117146,14.716360422530498,5.1459749007322255,40.532285284689884,78.55888035997472,35.05879019949335,40.71331717032783,87.83092376051376,36.853081524453145,33.867788143878116,92.57255927079252,35.670201999064865,26.144122473032258,80.5381289745803,41.148437199892875,0.0
23.240723323711492,14.85003246764699,3.839535428047422,39.988982639231644,78.15830558970173,35.48559411006459,40.70175052048709,87.37841082040988,37.00912368467339,33.516359984850325,92.4062641227022,36.00272856070426,25.734268107341578,80.63817994047194,41.16004819744593,0.0
23.6246220113928,14.313571473025252,1.8618377762955405,40.15877710212284,79.5117390571261,35.33115328526913,40.35886241004486,88.18392491374051,37.11496822895215,33.328305810260446,92.5390711675508,36.12963522254372,25.228236333021737,80.86996204423788,41.52434227093701,0.0
23.723282860725476,14.778568623294738,2.1654768460259537,39.81152121738722,79.84518895678704,34.81453670586311,40.13650303322197,88.5354313267754,36.84334630164643,33.228762108812234,93.26400114073469,35.82074891703132,25.634651418991094,81.1980977901858,41.369079812654746,0.0
24.214810585172824,14.917232363862036,1.5505827090127018,39.64401690383697,79.7579853978228,35.189475853676335,40.178380351830505,88.44379999496688,37.1850223179142,33.30574016046655,93.40647310446677,36.23299883833762,25.688061812197454,81.64003213386093,41.51544626550271,0.0
23.140763691625935,14.819599028235977,3.76159194421787,40.31568278967717,80.00385628459334,34.596229481013275,40.53049673449983,88.68384429601683,36.996328865361036,33.85978426147684,93.21671670549173,35.939519418081176,26.2965574048084,80.74459070078089,41.740978167503314,0.0
23.505672464412864,14.496027356461674,2.878845224445912,40.0969941967541,79.48729606092436,35.44623080664222,40.59577935974374,88.47764144991326,37.24457244162733,33.609474276269395,93.38188385653926,36.371921192182995,25.953685236553014,81.34059081036287,41.710246352474556,0.0
23.52237125574778,14.828055089354045,2.625899878571536,40.320007159762504,78.96808236511812,34.97017977903322,40.72105885301934,87.866238921507,36.87000957698035,33.617043547771395,92.73166539224422,35.97068312823158,25.75313733719513,81.29954482997283,41.182813663559855,0.0
23.477269524385058,14.644460688612245,3.0874748641014134,39.98947682317974,80.58337478760082,34.27211041483254,40.54570454566073,89.14360073088247,36.90125369220278,33.60125238642363,93.53746607993418,35.80645078582154,25.737761429827994,80.75541712777051,41.85589319317525,0.0
24.151173876815015,14.905799581497723,3.075778156635617,39.57557462762262,79.55485448051853,35.12692350266263,40.04558992001933,88.20966194545878,37.233446774451274,33.5547950987134,92.89673227799135,36.52186014334772,26.10639095821543,80.76194654078833,42.09516422575745,0.0
23.422097145045907,15.172878874690351,2.7722592286912664,40.22587797571261,79.68113507131618,34.80243026047646,40.34733312563248,88.66265326412487,36.99594511640876,33.80597447362929,92.95734217725497,36.21193241139911,26.55510275700171,81.13553154159695,41.71426381947906,0.0
23.643207908154768,14.890680209931888,4.408517883759137,40.15073275687568,79.41391350040013,35.22731019092201,40.73596022887381,88.35607462399304,37.378505441188175,34.082438813050956,92.50323150456046,36.649438267422035,26.032376608799506,80.55796469854789,42.035985380245315,0.0
24.03000091965297,14.792355633098621,2.8175078210455142,39.99430995023259,80.05304704141042,35.283436940638026,40.47078832896878,89.01863869826913,37.32299454147988,34.03567748279478,92.99046379037932,36.44723890506866,26.324225635659445,80.8771431576974,41.935926800633034,0.0
23.915379293920214,15.403213960372794,3.068520939303045,39.93541639030083,79.75790268219698,34.91976373308778,40.67183400845961,88.79550258846987,37.35190045210829,34.15868890029804,92.84201420467564,36.42231164951057,26.35757623752115,80.80777186875142,41.891592017177224,0.0
23.89990988104925,14.819824272676122,3.873328704387648,40.45678447846309,80.52902562369856,34.235114595211115,41.12523098884122,88.58078611853841,36.96815849073467,34.7167270373789,92.85230128157842,36.069192821132454,26.436285576414793,81.27390650727259,41.509327765312136,0.0
24.225615162897665,14.780701119226544,3.1880798712704608,39.77588913720479,80.35274036909274,35.11822663073867,40.50316564123973,88.95290633560201,37.32022940405029,34.1601102240313,93.0849903019866,36.13865459968429,26.13466952650234,81.14371829837995,41.34455058923889,0.0
24.189987839423758,14.899573307347046,2.604198564329357,40.2118608538124,79.35583353383201,35.48681603686184,40.84478235503683,88.43363730707827,37.396745796489355,34.117243218757714,93.02184445206923,36.38068103038964,26.345482578497588,81.20586862499104,41.621660341315355,0.0
23.69177480312222,14.658370358575693,2.308059346672893,39.51439758952155,80.54033805934785,34.98824487224752,39.91447949379066,88.93974225910281,37.01910093773838,33.237079671704265,93.66010920409995,35.665592228605156,25.888926062838877,80.93009864334115,41.23414200809856,0.0
23.96650900462932,15.022728542223781,1.3285845423128906,40.31547428453291,79.28883712941753,34.53395142407044,40.74714954660274,87.93604788881606,37.30011001606736,34.004294718755105,92.40558025544243,36.34774919637457,26.284918134433152,80.27843975113377,41.98647433563011,0.0
23.93475063306483,14.8283578460993,1.7561705248325676,39.30753872724157,80.23373670375912,35.04074471468686,40.04314259114025,89.06077736712406,37.025253764525566,33.64694532423956,93.38551575002018,35.6230166781254,26.199028396677452,80.66142233353767,41.12685729062911,0.0
23.726388487989627,14.72148319960725,2.863101085061902,40.512825052659004,78.81449446890093,34.82380715236998,41.19178779756351,87.68431410252653,37.27762417781694,34.17444029581333,92.43952760651166,36.131310384613705,26.327599864313584,80.63646955307497,41.53588669950395,0.0
23.470571697509925,14.492620984339439,2.542699964450395,39.39478492942805,79.64335566317669,34.9713672359098,39.874342595753134,88.48639929188124,37.14746183175759,33.20252933382029,93.07100013287454,35.8828702075319,25.60899106343065,80.52214963850184,41.51196382472244,0.0
23.82296326965721,14.750190414704166,2.8600968573383088,40.16839401873869,80.01613724245539,34.84365116963992,40.42302760368386,88.82188342893454,36.87862403047629,33.568761517501514,93.48194202885655,35.77928431027906,25.96279594980305,80.79248834269428,41.37694295513887,0.0
23.83935184631055,14.717480855590624,2.9352620883461755,39.94870235658467,80.02904435081001,34.94570004044947,40.058307077178775,88.72749284741056,36.95110510321961,33.28726775571821,93.3012848400888,35.90916354101177,25.821531752782203,80.60479703837393,41.535258344676436,0.0
23.123610180008708,14.932365173940626,4.525606452007989,40.11913455463003,79.81036275091013,34.669778314444265,40.46822675721818,88.57049269613583,37.17189709978718,33.68764436144903,93.11247090924226,36.22995112993673,26.232868813211187,80.29021322711031,42.193293177569124,0.0
23.988451385263183,14.507093236075352,3.1951315468014863,39.38752805542202,79.64012038261802,35.09930109283103,40.03333738513924,88.30243893789623,37.154324019251824,33.43123708239312,92.78162743749738,36.088384242040505,25.81177628467904,80.64020750513869,41.38713991184646,0.0
23.576989045293132,14.507673273162528,2.613448766227869,40.0014544840947,79.3056859650294,35.18233122876068,40.4260048183741,88.48544398329639,37.164411986464785,33.62814338188316,93.14362239487832,36.137953948768036,26.35785143800065,80.40055533206896,41.72687030160128,0.0
23.70857808648269,14.486750885278784,2.831266973724215,39.26511818388351,79.44792420038988,35.350954604265965,39.80985972939488,88.50439378414158,37.26348257072864,33.32043938723096,92.94939971838258,36.23053946597329,26.00216263505801,80.39973250520228,41.79854879533222,0.0
23.34284449942436,14.703203389848884,1.71351508230126,40.01330287022543,79.26072428714738,34.757990047383714,40.433728825231675,88.49801532217234,36.798554886088304,33.73191915569066,93.06642544421393,35.69588984284326,26.199572731732626,80.5476615617186,41.35984136167223,0.0
23.84432358488629,14.46142313848347,3.6471711087495278,39.805100456081405,80.35755764973004,34.878828152640985,40.30477291792827,89.126779174123,36.85197181414698,33.773812377542605,93.5857085896724,35.73603291227048,26.08993377390344,81.30084388124632,41.259103692509164,0.0
23.59229963190976,14.609857671521185,2.9641692983612247,40.07741263848405,79.95908175425187,34.74623072853505,40.377322108889985,88.64084449522979,36.80144040253223,33.602112227537276,93.33078652167558,35.8636397744491,25.998356473176255,80.90194727378775,41.53424910569894,0.0
23.9638969333629,14.650995226520614,2.6485445882725482,39.50917516782231,79.95364012327495,35.29182975662925,39.79249333167361,88.59935827396235,37.202744247993614,33.17210972789231,93.1958167348386,36.024030428686466,25.864341131675594,81.11062753602666,41.46806681620833,0.0
23.863093743379434,14.871305468317487,2.533153558444562,40.4375040779175,79.7716123016747,35.02844354326951,40.657406601630115,88.62631513237449,36.93071824010667,33.88354860375583,93.44796997791765,35.671956286813135,26.388945533858045,81.564788095297,40.88919363008406,0.0
23.51619956617434,14.75681016833178,3.831542594704188,39.318853347106,79.89713162320227,35.05941583237843,39.732313181239185,88.48587565024711,36.92621819095228,33.41861723851859,92.77390214677814,35.975406326900796,26.003464979372918,80.42432668240048,41.61440319485689,0.0
23.475448125123506,14.749927532730783,3.4775887193223847,40.17968117559342,79.87299515729619,34.500613536754145,40.29637998113958,88.41879067699828,36.81595775345474,33.557774892013654,93.03088547959082,35.860699753010834,26.00375759643478,80.81474612849038,41.63338165819469,0.0
23.52616013414869,14.653465509060052,4.024098232542617,39.815793004966714,79.99598613376007,34.63742580092054,40.051125612626564,88.63898309862861,36.690484746922394,33.5353409017765,93.23511673887502,35.68071790853702,26.10271169676202,80.84286525394396,41.273362654136164,0.0
23.912359786068187,14.516852746758342,2.89093566536011,40.38973713521455,79.04509543772822,35.051193404545344,40.6407199262984,88.30334418722967,36.907273933968135,34.064212323353445,92.58501471023172,35.91700799240862,25.96658356286175,80.61112189776516,41.330235658620445,0.0
23.78950576882801,14.811373231675038,2.098656802643226,40.08435627648944,79.76539185372086,34.75483290880986,40.25452358747487,88.79614905734303,36.941321134342374,33.87354805436428,93.00063776455073,35.944712770622495,26.29003633147688,80.53405670614173,41.40787371784481,0.0
23.60274109045224,14.869254025722269,3.859614844391179,39.96875673571433,79.24299439485979,35.02959044540493,40.374509844051865,88.2674790753911,36.89101214163382,33.882846025677914,92.67361813981533,35.977604610916494,26.516951457056653,80.36103182748664,41.39298796547552,0.0
23.396332579284966,14.487906698533862,3.2614229226219216,39.57717394935227,79.51272395613684,35.26210258720442,39.83495892247253,88.53958941275789,36.94899104212071,33.48362183528961,92.93691150582407,35.65985388940801,25.77092760090552,80.67448841403834,40.959326971914656,0.0
24.13973670188975,14.836201236723001,3.070080712553251,40.19605374141644,78.90680431133217,35.13598174818484,40.467706079219575,88.04412700218627,37.08100943876913,33.954469733956834,92.66450824917202,36.11589050700486,26.464691352892302,80.87456919534519,41.39743077858294,0.0
23.773959455998547,14.647990341973188,2.963934018649375,40.18866211137697,79.45737396843693,35.1711215665478,40.500214413850685,88.66185454105884,37.03315306139471,34.11523213970456,92.86843612175728,35.95197602849172,26.34778240083931,80.7965869772063,41.2903783428642,0.0
24.009879327516373,14.700219934797701,3.347191675188011,40.003055227119766,79.46077458113778,35.307447424509874,40.09091079754723,88.53652898708661,36.96176903135525,33.668206828820566,92.96938313971165,36.07302257105908,26.400550222323172,80.43222912894905,41.66346311491107,0.0
23.57635126327715,14.775573404593,3.701127682363593,39.91655813611607,79.34000832304159,34.96330420171445,39.93520616932297,88.08378094842413,37.102667031470155,33.67664848298264,92.69586607173353,36.045357155604314,26.349648893139612,80.20936443048242,41.49271061413326,0.0
23.775645838797807,14.779066020607878,2.6023111124640312,39.66580997503602,79.18299293270282,35.10952459992079,39.989992021916066,88.0135834807937,36.993569426562566,33.61919833770429,92.22586800012273,36.1966260547916,26.177275312685573,79.82286770975911,41.644607137630516,0.0
24.19787128963554,14.384789031142546,1.2256259440557973,40.33420106324678,78.77396014993919,34.89839998971934,40.43185694403544,87.50100881022462,36.89162652281283,33.90542949133412,92.12358915455037,35.939002647731726,26.187195011303974,80.44918365399688,41.48708571796799,0.0
24.167201604839093,14.581647130349443,1.6996281256430212,39.7928851423039,79.26745916993679,35.36486617678545,39.93779361128689,87.86880061894888,37.0468110638255,33.50818060429094,92.51672363674248,35.89942746657783,25.991247565576895,80.71709307293264,41.209550333582605,0.0
24.086745626132227,14.687123094292334,1.9507045853947447,40.14635765391177,78.60139842051025,35.44761253186336,40.17140175734322,87.60687817846203,37.1221432573228,33.52394257838004,92.37251300509082,36.15494302585906,25.857302601397343,80.57859128592456,41.45187460555821,0.0
24.016615450073783,14.765433063374278,0.637616676370623,40.375079602060424,79.40496585030778,35.09620516185977,40.51018451390102,87.8604958548775,37.17446592058972,34.03310121474946,92.50245349240846,36.02992062268396,26.281318365246026,80.6113475666434,41.38540544428291,0.0
23.71591730573633,14.956470674635993,1.6854167750086728,40.259029410952806,79.1692056258017,35.25238533983869,40.59300293379875,88.1252625764901,37.02426089016633,34.05748035900175,92.68051043463328,35.955568835538806,26.398493046563154,80.88643468065574,41.16282342295988,0.0
23.97383100452565,14.764619029255613,2.2931356267204994,40.28033998933176,79.03400637556938,35.10145840981489,40.697157339627246,88.16108795148041,37.00235622351177,34.07932953877512,92.75486549477799,35.97048550359066,26.34295453165572,81.2246139544243,41.0147075772605,0.0
23.724376792076164,14.784624076447937,2.2914011280720024,40.457630585102194,79.53824374522145,35.027928085759605,40.425038448152264,88.3873465940777,36.856676397701996,34.05008448656098,92.82219383934523,35.648630223510786,26.458144449777066,80.82085402105407,40.93980376716437,0.0
23.619945181446983,15.119978643028334,3.018086098744066,40.03404120277546,78.66350592992161,35.32444660375678,40.464371518361936,87.8463907518095,37.139403605219094,33.87231047936535,92.10163746290885,36.36139862110138,26.486175287104892,80.0392167862967,41.73467857872039,0.0
23.98744740072531,14.48800961688731,2.100710753716304,40.579260908861016,79.30184512841528,35.08395713244046,40.64845633547081,88.18304022132067,37.035984173385884,33.72623285266644,92.89709928062962,36.02316037240022,25.859597112693375,81.16335352240388,41.33529608999707,0.0
24.01502325467658,14.432175534592506,2.7386813576221463,40.27503536544175,79.4459892488744,35.127003816534014,40.36116890860622,88.46164076981968,37.16214329269976,33.496530219880256,93.10636372532792,36.029535569796,25.79079271965672,80.92937863849214,41.41577429984951,0.0
23.30013540551509,14.933415336172434,3.0184171431985463,40.416923501906766,79.22268210447278,34.59731997047343,40.578279525006955,88.0435072274796,37.07345634318003,33.51951421949263,92.9409783541998,36.07910067069328,26.14862791074565,80.34707139678612,41.965504951118064,0.0
23.5986067155575,14.737777853158054,3.2716379394648625,40.043765399382245,79.09502798045574,35.32935979218827,40.25723696021443,88.16726001713411,37.43609513961502,33.69582761680037,92.58715499156105,36.294186993418556,26.009528473132303,80.39887182885856,41.69115110736847,0.0
23.52947248733213,14.785448608428036,3.250628720618395,40.20088315654124,80.18596390123041,34.7567779578862,40.25183669149003,89.0183937290765,36.903067369853325,33.41616930675633,93.67807511121661,35.720258977080945,25.992940839542936,81.35618580843456,41.25533438677716,0.0
23.778016574581443,14.756251454572824,2.3044500977293674,40.711974693400904,78.7629750704624,34.93588126924659,40.94737975917458,87.96403627320828,37.15070047723064,34.29420035740978,92.25013112829703,36.206488810137834,26.328051786797758,80.63617415605509,41.51848131330819,0.0
23.43724545791281,14.687307352910667,2.1226008302822,40.54173128080039,78.95870616892569,34.90627255939462,40.51191919472279,87.74729501141162,37.06408941770362,33.7579270447337,92.24429995219222,36.016195730308915,26.187911535839575,80.23364939956785,41.31413905641752,0.0
23.507129193450982,14.888966723098205,2.033643136870378,40.149300994909325,78.89494707675505,34.89046017064585,40.306581076183114,87.99043942406793,37.25191078731738,33.45341455841348,92.64038591129936,36.27331577672375,26.036383669126206,80.47074852513376,41.871659163039745,0.0
24.31388267754698,14.688978232674874,2.735655611924721,39.952735232467695,77.48815117878756,35.94148371302166,40.398798414151294,87.5097214484918,37.79698186809388,34.008194540989116,91.54364827976632,36.81514212994049,26.19663575554695,80.09854035193577,42.340825018090634,0.0
23.513773596641354,14.730592896298084,2.607191432451122,40.522561684520284,79.4098621379812,34.911998484298614,40.882640655622474,88.398121286668,37.03401622914784,34.57093393240624,92.68320469248698,35.858098341547624,26.560941907276302,80.95174711055732,41.64007016095409,0.0
23.492638681853812,15.226158316067401,2.4031458045466807,40.56180205278468,78.2483610706908,34.93109453611838,40.929760851569384,87.42468364304985,37.35529556126694,34.389497068803635,91.65400371318327,36.68497234906668,26.42420649179459,80.28870431859771,41.94352722822814,0.0
24.02849386737797,14.701808733187319,1.3867495778185566,40.51515380664732,79.30470197383693,34.76022748767545,40.77095764733616,88.23527204109827,37.112037028405524,34.139398938135635,92.51786860291497,35.928504407168454,25.959970354269235,80.89777980708814,41.66395200781107,0.0
23.340193215151004,14.894806677556005,1.8446845913208532,40.62941349489193,79.81732253120272,34.852188271272226,40.57557589444509,88.60258661497144,37.055468179223894,33.942539471262336,93.05645872733017,36.037900677135696,26.358154107320136,80.71900947467348,41.880467000299475,0.0
23.66971586647844,14.92759693566393,2.51989934685872,40.23622552378093,78.89728612972812,35.099496415393226,40.34802032775217,88.01724426276758,37.425353013425365,34.07231485416319,92.24930510543766,36.67197748925192,26.304054695253043,80.82038661575753,42.29003065118975,0.0
23.576774009240506,15.047868594977812,2.8733009977943023,40.73658618981203,80.1624066457394,34.52306527282672,41.10641117515663,89.00932506438421,37.12703974708438,34.619904452442555,93.27635152071481,36.34552332297985,26.61366835651959,81.57150677838528,42.08079598891063,0.0
23.286956438679503,14.893438814180842,1.4891921572574007,40.76807921158494,78.89476697209588,34.73897339578045,40.83640163186156,87.74053404363428,37.39700032955019,33.96656158329223,92.22709542124743,36.60549073656115,25.944318827743764,80.11670030188085,42.28040501692152,0.0
23.797404790782362,14.756073221548753,1.476909603403623,40.37584708442405,79.8902164703129,34.6706398040285,40.51697839010831,88.52084182687517,37.20253909931256,33.881714066058784,92.9577567213359,36.052029281366885,26.11857491813144,80.8599736994252,41.51777296929699,0.0
23.81276488126894,15.011006760344067,1.7686558764877205,40.44491906542788,78.58525589224189,35.229722163963196,40.91107425622802,87.84596683173709,37.448661440666015,34.55072629733946,92.1198271968959,36.58294086682022,26.773476637407168,80.36892632586772,41.996841823688904,0.0
23.86060128623819,14.807251283093937,1.9832788308067377,40.94206425623628,78.77176498554533,35.02581978200884,41.384883014342414,88.07773221228113,37.30101038201961,34.61253408844559,92.66660851394019,36.26658204963197,26.50991267247291,80.81968974770706,41.531689474050104,0.0
23.600129797864152,14.881553286559424,1.2840460684714163,40.489564854937385,79.19617117555454,34.42508747154256,40.80308516727227,87.60645011132067,37.42229855143368,34.10866715716673,92.02998032036321,36.53342287184585,25.994721459627947,79.93753846916162,42.24402297300582,0.0
23.477245411627557,14.728182356517905,3.5026256984461757,40.98407346843746,79.1382677259658,34.76721685510826,41.09366979453622,88.28217381620101,37.1520907224917,34.15727546562593,93.07726200624205,36.04368966469417,26.088273922826673,81.04798740930121,41.5551958806687,0.0
23.492077908943976,15.010880078391562,1.3240800471852026,41.09458602084381,79.19819198137937,34.62419556183915,41.43622549791125,88.23476247507318,37.24832942023757,34.45513717887299,92.95084980969692,36.304457148124555,26.313062392421266,80.9741108360016,41.82885094528895,0.0
23.70510752030328,14.901813171723369,0.6635222057818785,40.943513886520776,79.56351254181887,34.436390241340774,41.03334741129065,88.26140529195555,37.08787169324137,34.02572612335902,92.94868457394463,36.15578220238229,26.194174781232373,80.50891868024785,41.92179050831553,0.0
24.08559606122076,14.89415541964881,0.47866653247406615,40.90436997789351,79.3795970257522,34.55274105810756,40.943961712422514,88.27734547876854,37.126090521752516,34.2096174617148,92.7810586438038,36.52206533418606,26.082129131140924,80.48242114215873,42.13959907648298,0.0
23.79160978549266,14.731321435056222,1.5831796291949276,40.562573744380785,79.93309586861142,34.67932238483847,40.402548142759215,88.59764862459211,37.28641125167698,33.686041070987756,93.13180036205063,36.2399193077765,25.875247301942803,80.80005215980525,42.16619055380042,0.0
23.90432861258265,14.810872961881204,2.0528754700185674,40.16665006694786,78.53558367709316,35.48744482243623,40.64440298360125,87.94936573788485,37.84480018066708,34.037060847317484,92.43025383286948,36.676289168955925,26.209401508128455,80.11784958164108,42.23120242055383,0.0
23.866083239942512,14.82188322061885,3.2921458627140074,40.40492317944445,77.91267771418796,35.512952716880456,40.781789280740504,87.51965679753428,37.539165384050925,34.11321823593215,91.76504653603078,36.512204566929036,26.041694376749955,79.60278724074723,41.93977213897109,0.0
23.84745445570681,15.26399065497857,2.081032572173498,40.84300767775981,78.66893176017345,35.35266104696862,41.05684875278022,88.14343771396524,37.6816114406384,34.188686781865925,92.6461615987598,36.48115150180225,26.383673833204988,80.8718482053491,41.623121361156564,0.0
23.573889524277625,14.872150344760112,2.009538185658395,40.90445359283852,77.85426140795246,34.990649146233025,41.07889934268379,86.93966969357912,37.48248774476647,34.133346407526176,91.87086193673848,36.546833470715356,26.21935737687477,80.32267752106345,41.88598019597134,0.0
23.926638243857294,14.761323735952068,1.319653326899121,40.72403424873825,79.2395911250369,34.774181158765884,40.68919178693235,87.81974094839683,37.43521076358414,33.67141720638043,92.6134865336932,36.5194073728865,25.95716655436965,80.02426835203242,42.492295130764056,0.0
24.30745404608399,14.468323175370296,0.6010134793620896,40.10985181843815,79.04146302709214,35.538512668175194,40.22931376409859,87.55192604129344,37.91529672600874,34.12422985939186,91.42485301209364,36.9667364613153,26.60880968406103,79.96698622053384,42.821082313416966,0.0
31.204974718307135,11.025138704486825,7.16816659415942,16.135666654300472,11.937810348221218,6.1424147327072225,70.18972120753038,96.1364814911003,45.80621147195546,72.7328334287055,99.65497548558753,45.72389508609172,71.27248712513702,95.48983153377792,45.155954356384086,1.0
31.259843238047615,10.967756476258664,7.386060862816279,15.998267205979733,11.657414681456673,6.037399153074871,69.8643543145641,96.0895719892993,44.83058602941452,72.1646814863817,99.65966431856684,44.69775569791932,70.32418347815305,96.04454462044382,43.941300663687834,1.0
31.30903179690647,10.927547128770659,7.471056723744461,15.921379740864445,11.60391332245332,5.9504367143138035,69.97082880716142,96.08833145623666,44.7695550030448,72.38039834005654,99.68459202209726,44.56638821560927,70.73637468066707,95.73432769223227,43.69133996537142,1.0
31.7487424516965,10.765030242547496,7.154886924378525,15.889281681904663,11.626797897160287,6.207549788411377,69.87588010331696,96.08490877406962,44.95704933102036,71.91635827758907,99.57564551659188,44.544622712512684,70.16565426922182,95.89697410368372,43.375336531169026,1.0
30.99223519924851,10.78317790557457,6.688548605354717,15.817648202193839,11.39648580999425,6.13630519443422,69.70345280643978,96.44789212780556,45.55386868688857,71.59800066359766,100.14204064844532,45.37473480271858,69.44634643918303,96.20775736382214,43.31527876058699,1.0
32.02324495275352,10.564011145556911,5.61033772753186,15.828860093760008,11.990835547188805,6.217129681390842,69.53382561223964,96.22568546933142,44.84322359989549,71.36185768502105,99.54709089425494,44.69906608437216,69.29276187684819,95.84092785698817,43.01347443943272,1.0
30.76267762300786,10.447779763743554,5.461342950236521,15.592478630967788,11.748059753501819,5.946950419509129,69.56212271229002,96.82699453566629,45.53584636397639,71.94573293292294,100.2011370905454,45.94945514697036,69.60105096905593,96.48298723542057,42.87023173645462,1.0
31.396517950593953,10.782357785387019,6.534623270044716,16.754373041731814,12.292572088735708,6.2159144652341025,69.60909198840103,97.22377287724251,45.70893850543197,71.90828537040568,100.43861963937509,45.21573424284739,70.09101276762749,96.22816148755088,43.786110923817404,1.0
32.523528102935614,10.3808917594981,5.935405782781928,16.705258654381343,12.10841661330659,6.20490992284426,69.66919918925684,96.86390703510165,44.86207822531893,71.6585410023573,100.05869937892636,44.46046091418022,69.53207359878917,95.69875983672085,42.58509631897535,1.0
32.111754818309315,10.450690313437102,5.225118254582561,16.237071324804845,11.339080046356012,6.620199644557016,69.90426229906848,95.86122235604272,44.95205907509562,71.51347899039763,99.44447528041395,44.863318124319626,69.65246584598546,95.17255065968776,42.540843618738535,1.0
32.158201645954925,10.994041138119089,5.633928237448181,16.74435108353727,11.490369476652496,7.029660217428642,70.1522352749126,95.34533419294625,44.542350289320915,71.58078726825977,99.16755523919525,43.73579525646385,69.51838320450595,95.37867968313063,42.17747128357072,1.0
32.33099844307956,10.293076667467876,3.4865613904227213,16.901111585671362,11.707122196725201,7.044690123726221,70.29838952884558,95.17171243313594,44.706878827545374,71.51774879527736,99.18828495378834,44.50286543079721,69.95822306327551,95.18302809073711,42.47189703613285,1.0
32.17526843225594,11.07405753768424,5.522731235954826,17.212606943090968,11.265767105001098,7.321401712669055,70.20596271131258,95.27082663635163,45.27880286120801,71.47699634767696,99.3275893909717,44.20074204965327,69.40178892567279,95.60491553916705,41.91828587209401,1.0
32.32700115131154,10.964884171356518,5.817879643686361,17.37485087090054,11.167955430396246,7.378315750953927,70.07660353443738,95.17464491498018,44.905244142696475,71.00255550971966,99.29435511068111,43.74979457233201,68.78562038474774,95.953419251611,41.912315745836594,1.0
32.17931197411194,10.443990136802123,5.859259346120375,17.28147295004347,11.053515484174358,7.189985869008451,69.96881093141977,95.15474112675281,44.64077846070774,71.12192783690288,99.11002649747608,43.51378822120113,69.33885989157748,95.26598360858699,41.36938994417452,1.0
32.496885032254994,10.047939527577364,2.568354854674222,16.86857065803081,11.16112569222456,7.117119522617773,69.86079213664101,95.78073063393231,45.07164733686715,70.82613831578993,99.92142981656023,44.27029894420319,69.01645083210536,95.88061895340664,41.835938909547856,1.0
31.575140028076405,10.869672720950664,6.027959096881696,17.496614186441175,11.125172238424247,7.538207618032918,69.47483161251455,95.25406596027209,44.24765876238963,70.32001584636829,99.58727553796878,43.30810615297239,67.6481375758928,96.26459829648563,41.34692239524222,1.0
32.504737818074666,10.385686661360307,3.3632525155793185,17.478164455268164,11.36700945448056,7.257513555426718,69.92976941367884,95.89363703709522,45.62625874668061,70.6502163184293,100.10099255706417,44.304670862695644,68.87132541062363,96.07894029510767,41.739367714874426,1.0
32.384562066476356,10.21293976824888,3.301624455883441,17.109010615511067,10.92965483844323,7.203857076416731,69.51892141685676,95.72390836408367,45.291406191997744,69.83486147510754,100.0394532518407,44.746977904907304,67.75093550284632,96.69567456979435,42.080588440139614,1.0
32.11316978920315,10.58519213972066,4.781525678922494,17.40449346602337,10.878610271171329,7.425639169316441,69.68233222399552,95.5260029248066,45.06120215044899,70.09608873511458,99.89832559304399,44.08631074028867,68.20852340322602,96.10630532394111,41.494410660076035,1.0
31.850703805077718,10.889748484054675,4.676854107343394,18.077809845662433,11.54912629167327,7.6038288853265215,69.39242473600103,96.05956610432169,45.58590685288929,69.79428029732877,100.20438871671557,44.546456414451484,67.85292487257382,96.72434730006569,42.25343544557727,1.0
32.55472468865454,10.351156071538307,2.725877627094015,17.679179440020274,11.540806560927663,7.237955935869271,69.65930331654822,96.26504910100842,45.41343624932774,70.5266694884227,100.01708407464123,44.247728958109526,69.34499026152926,95.91852692052673,41.440417596100446,1.0
32.1380533887792,10.541548514343324,5.273005203062321,17.912933439875975,11.064753592826179,7.340251142142314,69.58487415057905,95.63904494802581,45.09824319075176,69.82558527024933,100.27647373287363,44.270584339101816,68.17299166366008,96.85811669037166,41.994059456328195,1.0
32.81821638893799,10.317008401119192,4.488295242169023,17.662398736174165,11.135766613052791,7.385701232173674,69.32108593314979,95.92667394877252,44.92060282498148,69.85716063341052,99.81107123019007,43.86393546958669,68.54074322125378,96.20956092383919,41.79791777487805,1.0
31.77467018503529,10.634254697732873,5.952050811674099,17.955212546250195,11.22132842328767,7.3270942715765655,69.5891857621155,95.71646008912248,44.952989945640056,69.91998936398782,100.05899280714306,43.805598500269355,68.0486239482197,96.66339068113429,41.34136662439394,1.0
32.39540483954825,10.647915988477001,4.793532628428247,17.857799807718923,10.98762562648979,7.404870869603743,69.53178535627978,96.20617332780881,45.596865144504704,69.9379007264687,100.28945107927558,44.404770866635964,68.6111335280024,96.65055718972823,42.03853387503144,1.0
32.20271499077943,10.607680423608636,6.224922432930112,17.821462654050094,10.924860903964644,7.349875868862793,69.32219124566087,96.1451170464273,45.05967993703283,70.04512022826304,99.95774074002316,43.81290620680306,67.97154263747387,96.39783124127169,41.29442822908767,1.0
31.55422229800457,10.542673552324944,6.641384039790291,17.835191416916455,10.89712230182534,7.268826802943655,69.24360789754775,96.22243738653502,45.07762596320454,70.05938870218269,100.0206575837075,44.30476818894869,67.87110696655164,96.4690905602877,41.523636734833595,1.0
32.074981987308945,10.589393542910566,5.313025602460841,18.189119692784285,11.548331143248054,7.385021615693446,69.50635814027896,96.56491729490166,45.700058892119955,70.19796052186219,100.20929341880667,44.21539643277023,68.75875232819413,96.32958270346106,41.64867063774765,1.0
31.655716381992832,10.60785920031767,6.177223969546168,18.572071766834966,11.43399363303738,7.431032417260822,70.07959248024582,95.83246882228406,46.070100908790494,70.77503512335015,99.80793562603974,45.03856366806772,68.67266444843284,96.26619540701172,42.33076662271728,1.0
32.819632054794454,10.389240350392042,3.8014465238025013,18.213017597174677,11.463744106236366,7.229382819415347,69.55282624264807,96.3662886660469,45.35651806636577,70.04316173113912,100.29708314557085,44.79430455060976,68.39571584124349,96.70261546826467,42.308491355316,1.0
31.71322957666327,10.542125675900758,4.803033882100099,18.11752292093709,10.811349617920786,7.460736339323545,69.43945127847303,95.47084669547355,45.935604409516436,69.79102915258557,99.64188123007415,45.273439008301686,67.93014799095255,96.45896726768902,42.86880021866044,1.0
32.44335454127528,10.148442303546702,2.709402849733372,17.911393824742667,11.073457221293124,7.197427420603173,69.56456312546497,95.92958913950022,45.317407231531874,70.15209631658189,99.84762310553069,44.64481339018649,68.1081887527234,96.45005646185328,41.5569125233661,1.0
31.60806574942758,10.517951407202649,3.668824710940765,18.07493379479532,10.944695460487617,7.4028314335884735,69.17785047704596,95.3444533334764,45.1456420691097,69.44674784368706,99.6445357182776,44.25683908275345,67.2669402571512,96.86553522812129,41.84214243948467,1.0
31.444300328974315,10.64342742084873,5.316227322076427,18.546425366971008,11.380552844534606,7.226734134134278,70.01163311311667,96.29337682082705,46.396806588869694,71.13511773731213,99.86254765345063,45.30326327525958,69.05639191452362,96.04557608779224,42.25105507851848,1.0
31.719162959400293,10.708861922863745,4.1812923546346425,18.629210309949823,11.812599205172202,7.386828229507282,69.90904604939017,96.0403974406659,46.00563184797507,70.15818970581974,100.22209048549664,45.356604392582696,67.99379741335837,97.34215790550532,42.854393723883,1.0
31.56148117837082,10.517025523024113,5.050154894900585,18.57449410240404,11.408977987501267,7.169252838894032,69.72450149428639,96.43571329277346,45.94416599506132,70.21103873513958,100.2923854341818,44.96076793814136,67.8444774616724,96.95610751557906,42.07506784724236,1.0
31.82220220862104,10.195215382000619,3.845797127500711,18.75059412462659,11.723934990428132,7.171827002514093,70.39732737732021,95.2147912697254,45.33452055009129,70.36799299196308,99.64098432632613,44.833838289042994,67.89992089496982,96.79417442029104,42.1272482079096,1.0
31.784466413888172,10.379770022563273,4.433690636419355,18.903081136652705,11.686785307555906,7.422053582999045,69.6296126716388,95.94222839591829,45.61178485656088,69.98254866884682,99.78344227049074,44.78538913203361,67.46827059032839,96.46339516697337,41.9289921415311,1.0
31.690577833015826,10.287344433431505,3.8514259951682135,18.723101592991956,11.529962594151202,7.366457008819445,69.67349314674355,96.15025627818922,45.53817544914159,69.90879557221135,99.92553076548074,44.62449265432928,67.64065248291108,96.46876415748926,41.41036789263712,1.0
31.636016986251384,10.527804718262102,4.769356679270057,19.015721839402595,11.347755469344868,7.487229116204143,69.15828548986362,96.91584170485712,45.99010622170836,69.68159134863858,100.4696038312974,44.83250227747075,67.75345612689193,96.55759349828065,41.948426129883835,1.0
31.6326280075392,10.564181724021534,4.845075907147805,18.787508321217906,11.443497053076017,7.716155560633321,69.61023381410689,96.10683043108111,46.30838434363348,69.82067039342851,99.84644985826012,45.37118805392736,68.59034648677991,96.45479467370232,43.06645076680243,1.0
31.345729299331204,10.624517645312709,4.2653600160578575,19.151708415377247,11.667988608538023,7.499523803897977,69.68299293397932,96.50538980374863,46.47054017176252,70.1090939885606,100.10579994848206,45.361751094191035,67.62101310092844,96.6477211227712,42.32207962090592,1.0
31.512083596903125,10.615961398057385,3.899008901643076,19.13106122384793,11.118902168366944,7.489229274193679,69.45142238966106,96.61858669113924,46.05251379223287,69.63740064638732,100.47542019416433,44.75779226304753,67.94907139071245,97.03808549912027,42.32401259807232,1.0
31.34249269002196,10.540813482464486,2.707653402176627,19.021084296091125,11.410194674299612,7.633005251232025,69.76394863397279,95.92293914885843,46.00593052931206,69.31241665668564,100.3003698947174,45.36693774720259,67.81803990434605,97.33203958649794,42.98696944250993,1.0
31.392429029595714,10.266697440760204,5.909660509689823,19.1626508349582,11.04512701785268,7.154122243200982,69.6198928668544,96.35984519775837,45.68379036462561,69.7277775878849,100.28573314134867,45.1775473087866,67.9910763123119,96.90676141282647,42.09759812532122,1.0
32.052707304086574,10.300844096822356,3.5275189688356288,19.174082504000573,11.449843062047698,7.273086084571241,69.47221778500624,96.51478332299455,45.351634087891796,69.4882797631933,100.38423817823882,44.34894269675275,67.87482930750808,96.66646917482917,42.15202436680285,1.0
30.89609495222124,10.384184025889468,4.741596152505457,19.220254936720885,11.317194760400614,7.370163654843898,69.97869655813888,96.60792829429836,45.528036362321515,70.08807256892268,100.50525947811178,44.79227936614163,68.27451559611993,96.83662617529083,41.85802213195467,1.0
31.286712017971674,10.556411545982861,5.4449191988859145,19.299420127982582,11.272172594573641,7.133217797034649,69.79363440312106,96.18452529474419,45.20609837998858,70.22578586197606,100.09100841049636,44.123563749505465,67.77857784906821,96.40769079316777,41.468343031363126,1.0
31.148187597559303,10.628952858115486,5.589056731803812,19.62318611587061,11.213236560041251,7.363669597212001,69.83915614943395,96.29013716248913,45.687254438816396,70.15205238484118,100.29730800310175,45.000813536352915,68.19663639174547,96.81657746655593,42.7850820317887,1.0
31.703950697734687,10.222172173927714,5.156683376981012,19.736177557838882,11.563704224873888,6.9322811926757995,69.9146848130252,97.35441071880437,45.980387781228785,70.32231827189887,100.98097302696618,45.15801087768546,68.11658393432087,96.96212370813187,42.231892920462464,1.0
31.997123175135773,10.438732484073917,5.710040793716981,20.12049622054883,11.761987110864712,7.335698091068796,69.6194179608761,96.7966769285181,45.571314638295576,70.00591332068636,100.62194398045425,44.361921822041836,67.5399602906476,97.2179029378679,42.04994773814774,1.0
31.434371103744073,10.445192990456771,5.496103811867128,19.954282846507365,11.655229403544244,7.666416614678937,69.59584753899163,96.60924711848186,45.87304762456223,69.66942384093083,100.41642233781013,44.67303456782731,67.59245519858368,97.02519739008031,41.94643251122536,1.0
31.588071841811523,10.121371769835564,3.169073463795911,19.341921095608587,11.286344115405152,7.21352608573999,69.72735403613162,96.7954950351308,45.74042441280558,69.98623976087931,100.67219194335846,45.384848069540276,68.45157283168056,96.90815930359852,42.89374917468194,1.0
31.599516385347293,10.552937346750635,3.5794240396711614,19.637461922864787,11.495585102657781,7.724007377399341,69.57692570913277,96.04942516110374,45.73337832845213,69.37195585145948,100.26216039559053,44.564194045373014,67.20265079025312,97.02074320535053,41.889836477460356,1.0
30.995271206342405,10.581203177924502,5.881346113216395,19.900636004762333,11.185035137796834,7.561762743663794,69.99241159876276,96.60394884285826,46.03558866943035,70.15760866905796,100.50908081824748,45.282972753138885,68.57776740396514,97.20235768700151,42.636526357831414,1.0
32.38574222826365,10.360962162082208,3.198171145334841,19.448603299218984,11.771083699399599,7.66026896332387,69.57928054278625,96.9504878117178,45.95535971002639,70.11452355522194,100.64677856082882,44.656108170499664,67.98057551552583,97.22896749390188,41.924468745410735,1.0
30.94412190411717,10.683883857940199,4.493520782099285,20.270575984349282,11.513696582725654,7.690340535813623,70.00982840805047,95.9409568893729,45.418254040950444,69.77157199406483,100.15175016288158,44.28350078146886,67.37260568242787,96.97724913310725,41.71943066861196,1.0
31.098870052358077,10.426289857991975,3.7025382800859146,18.998201460036857,11.195410567487093,7.610513434994211,69.48152739159553,96.62706720630409,45.5074948979576,70.02770106834349,100.27099686291082,44.128478986348185,67.76117441364052,96.39529699509303,40.83121388931433,1.0
31.248186061342054,10.684690628813382,3.306782209724822,20.34235154370637,11.016997704995932,7.509645913439676,69.51225976682593,96.38712522522435,45.34170370012479,69.78878880933661,100.56488278166503,44.101156169387295,68.34347481556989,97.51101716131605,42.39998811138419,1.0
31.73750561010712,10.761113846546953,4.734667390590126,18.5913961062427,10.527510114470122,7.524289309222799,69.637301425394,96.2424063769903,45.46920048456742,70.30481807790422,99.77048740192845,44.364735744319084,68.14844300112215,96.05095125977397,41.2930272215266,1.0
31.590469501137182,10.717922819137685,5.145149424126452,20.02326235580322,10.703196080454715,7.742846531518119,69.01042449047367,96.32304526671756,46.09493832617181,69.0988203372782,100.68053607501044,45.15875109227906,67.41848643376198,97.98610537211171,43.61207798707465,1.0
31.36028424081549,10.644502920743438,4.767392402263384,19.154037004278397,10.851487315076788,7.6136628503277946,69.84926005615867,96.1623794403279,45.35435611949877,70.65170347042734,99.72110292921899,44.349630114608615,68.62589822238115,95.98068812155192,41.88944014825385,1.0
31.545445247760266,11.196523250350635,5.304353143815425,19.95254593058713,10.517443127067493,7.692467678062787,69.00860130513219,96.56163717648586,45.97372608467824,69.03634896838054,100.84229276449362,45.07582866633801,67.48731767373978,98.14575845546017,43.958830843929185,1.0
31.585804773980673,10.642551927589905,3.6500200570682275,19.19492230364237,10.703678804687158,7.767307081643066,69.25736885111662,96.46953304764679,45.72348996579194,69.11911008981342,100.57797224667615,44.8771826397651,67.91406626185476,97.29446209292706,42.95687013976923,1.0
31.683685376830738,10.611687321052505,4.489723073022698,19.807814208039847,10.740875923053219,7.411009683201539,69.49759410986199,96.98315818403188,46.3938070339538,69.2007760319307,101.19725245440111,45.64829585474018,67.18691401475532,98.20553615883632,43.32363207701166,1.0
32.06327989258958,10.579513650420653,3.949475206439514,19.508284683716113,10.722605445984097,7.791990539312595,69.27982120260623,96.2845471156119,45.330408100921275,69.05596723226945,100.40728643539671,44.430403865269135,67.73504949288788,97.57396519899359,42.588463751529865,1.0
32.345439285065396,11.233135119513696,4.108470334080418,19.81147811858896,10.721160212322282,7.835216356016011,69.11004215669197,95.64299550370845,44.97600291613677,68.9692871535267,100.22575104641591,43.69627550562613,66.37833176055831,97.64806547915217,42.26090770503017,1.0
31.794473789343073,10.891337845941141,4.524080936576603,19.863469523915057,10.585093944769623,7.957925616522685,69.02278188029356,95.65276251688927,45.35998105958353,68.83042346950079,100.06851705535344,44.707994433145835,67.20015832723723,97.41767477587653,43.1750365087509,1.0
31.70003649045658,10.894987771778348,3.732629522032731,19.371498064065346,10.327475952059512,7.932188071204477,69.08668288064649,95.93010288128082,45.486094946232726,68.72237339149092,100.44924110596696,44.59823087241124,67.38593315501606,97.5465747900185,42.746526404795766,1.0
32.33035780913678,11.074408382324703,2.8165058731183112,19.724303774854963,10.444645140169728,8.046557663166013,69.14853141295855,96.0613071609951,46.4436146029961,67.98115532133811,101.15954026795043,45.7423175166579,66.42344657332288,98.85937195470012,43.633573313744556,1.0
31.80940770470498,10.93488351905328,3.0966538553732748,19.755555423223402,10.465503911521777,7.685213879694102,69.65077478163248,95.54959293417649,45.29317175273745,69.26070383011634,100.09556783427853,44.744439104679294,67.91729554715556,97.1471243340649,43.30023947437497,1.0
31.25713163125479,37.969657730453015,22.634189959836412,9.686041558286364,3.5213383383100374,6.6583214140810325,17.520849419768613,1.5191759986190323,8.714675622799799,41.06929293985255,120.86264383337561,22.37899917547924,52.5624255321639,115.68800597707875,22.008286381559156,2.0
31.258374236041462,38.03513979197057,21.57145678578744,9.851772859846472,3.0568289721980473,7.075161535538319,17.115251923483264,1.5481082827345263,9.080503636225899,42.4451748817112,119.60682196512954,23.156269052328764,52.890134553738655,115.78838791802286,22.454630027184876,2.0
31.166275455787186,37.523890433105485,22.28332921313381,9.923481612554719,3.3132091674139943,7.378327923234416,17.11535886389757,1.8528554402030641,9.004939331132771,42.59970740376969,119.36540496211748,22.828862599779416,52.06290847560332,116.622236436539,21.268606760276494,2.0
31.0919319275025,37.069293138745344,22.45840443977886,9.599027214321476,3.1239256534705175,7.192672166593019,16.954734638454905,1.8619209666881227,8.920745041370123,42.10874616186962,119.86577260122934,22.96235000242619,51.28601605816289,117.19604779262004,21.417418627476142,2.0
31.037667100583015,37.10486953492753,22.87413405380461,10.043180385922726,2.9677670365744366,7.3878679900015625,16.966470078821267,1.7494636699576995,9.085468895432584,42.12787761440075,119.82599165863239,22.899309456897463,52.21930865583347,116.47498595956102,21.56332884044942,2.0
31.301358116011503,37.10362879682968,22.307552674986187,9.731655420790911,3.3912869093467553,7.130563112671696,16.861172332205776,1.7116695258315844,8.925411592046778,42.45697375425592,119.68196802602525,22.74042563593845,52.35326818105928,116.64401299347212,21.22508679606344,2.0
30.69949112924922,36.41632030204784,23.053616429339826,9.840102686050482,3.084107637298874,7.154437165715847,16.93815502597405,1.7631005867326792,8.840885519159876,42.03457372140761,119.5315357734691,22.750870902876464,51.98632513681996,116.33234844067134,21.193186970879346,2.0
30.698927072303754,36.56206659185659,22.891830220398056,9.787213459582107,3.305860147473382,6.991575836699557,16.911180168903055,1.8375277229187568,8.709167194895931,42.13294769709175,119.49125169470499,22.529863416415704,52.53981392968642,115.88593759661445,21.136420708034954,2.0
31.07642537946809,37.10563694528333,23.153142699343206,9.677262159130393,3.40090844513168,7.1988196827493,16.840320309823134,1.9121091427282055,8.883179556738812,42.918026301437024,118.92819447653314,22.668672700777186,53.49464584479064,115.27356805960443,21.2821769637505,2.0
30.583257351350273,37.220940087257034,22.213481539845016,9.779733597962588,3.623252041050936,7.1393044067109015,17.31714712065229,1.8596746021893131,8.736767051688206,42.97869846133893,118.64292994663157,22.51123432213423,53.229654441982845,115.19827953500513,21.026081734936472,2.0
30.326878146242983,37.072452602719274,22.891290930527184,10.114138267070311,3.6363582292875147,7.157537999321872,16.91301651556833,2.0436245628756797,8.80621910761764,43.74693643054567,118.23451159122685,22.610697372308994,54.66981667270592,114.23692817200309,20.974910825927395,2.0
30.86808625055998,37.21786135922982,22.203831483778927,9.917203878552785,3.509042152654783,7.30493400563352,17.15915248861251,1.748644959660279,8.85605187967303,44.338883104401326,117.13944548550252,22.5213603414119,56.22439738343983,112.30908134496939,20.911023421548155,2.0
30.33895484180034,37.28996017421012,22.275200042441927,10.05940270560256,3.35291272635282,7.366781770627534,17.20254036028327,2.039680395963892,8.986851028632712,44.31182342797115,117.45514591228913,22.610899308665587,56.295816466141545,112.32979790088523,21.123587278374956,2.0
30.773488121925954,36.78986670407537,22.274405579050615,10.029121752935627,3.312531377454479,7.262229490599745,16.992792330409895,2.156492604402595,9.015922049463201,43.352777734184066,118.83833825033378,22.57653582914603,55.79497620152291,113.24336293840886,21.280741653726682,2.0
30.997992181254332,36.67649367409191,21.93393249559623,10.366451561501696,3.2794249908821924,7.517514478299654,16.729459680804172,1.9291414921351708,9.097511858718242,44.35785230641997,117.40410612081388,22.54949954621631,56.72606741737725,112.09548720536986,21.11457889521183,2.0
31.251592386231657,36.04464056816935,21.660009187770928,10.157646029671254,3.3148461792362864,7.301423431712974,16.999302728758735,1.8425299830361073,8.8890073782479,43.531626490737914,117.90941192248282,22.165903900830664,56.11450969303212,112.30889117876063,20.6349167582544,2.0
31.13554466140551,36.772141861306494,20.9529478136348,9.971283577471452,3.0912985307014154,7.347050703277811,16.568082135902923,2.2801028443498472,9.084195769155492,43.08997880113196,118.71138946344693,22.36102236063459,56.189113805290276,112.47744535414567,20.923453116051974,2.0
31.114626317275636,35.62707128405966,22.869608779043674,10.19677811054428,3.21544636112436,7.47848744473544,16.780959846844777,2.188292378636796,9.008043621652607,42.33206518274936,119.24152019175334,22.253622462983795,54.60435608708515,113.92231753275682,20.97118223998975,2.0
31.17993636823007,36.32113895007823,22.58086814515651,10.059984796643015,3.2547676508255026,7.266702253702772,16.645834418919186,2.175913092788308,9.066331991564828,43.339026561021356,118.27068755531428,22.18061767218712,56.02771657441597,112.54331972066754,20.698271702083428,2.0
31.309728782943964,36.188921268304085,21.968673248831035,10.115824487742263,3.2335081527865994,7.172696783931386,16.748468615224294,2.1939372828286547,8.993356656654388,42.9414120453962,118.61141270565413,21.98662335868043,57.045375119146115,111.61399867263636,20.77399105399985,2.0
31.358716133795028,35.30149637964023,22.179078589870013,10.33107240691465,3.3491277587675694,7.370408728667024,16.6847735925872,2.105186315507561,9.08723544478565,43.3238280276105,118.57360173519415,22.135142547880175,56.90883211103686,112.1437900015446,20.77196798500514,2.0
31.057822186209624,36.01835640914197,22.240928612730645,10.254098729709654,3.3520097496204726,7.276442581058943,16.63275927697157,2.2240558857475485,9.008989250355357,43.41745519817833,118.13525441955035,22.03355968152901,56.92731490983909,111.83466994245973,20.49284676091543,2.0
31.472345147085445,35.47723265254685,22.564414423631348,10.25929873851391,3.2407622077336784,7.3479582699842805,16.308067876196237,2.22538028118326,9.140082975280981,44.217806977574575,117.75826519435414,22.268291943524556,58.082946069782864,111.39511594867999,20.76163248826442,2.0
30.998836388422088,35.47866325630974,21.836159600265937,10.234097692929895,2.8549042838355594,7.234558117799793,16.449096122204203,2.0078865274056192,9.064683316990575,44.504849081294516,117.25135655868415,22.20040509830572,57.17648718006315,111.95766401868673,20.8277928886831,2.0
31.123685661429178,36.167669243561406,20.90570632100367,10.253251554003894,2.9322557404456977,7.3406804073154435,16.519386724323695,1.9729859165263086,9.240143588116599,44.17276957078391,117.38280857328373,22.32935581830705,57.33728139511346,111.97604277981411,21.093968061257076,2.0
30.97539186959779,36.27881503817373,20.322161844701085,10.285375329651265,3.1569473796223932,7.501242200034725,16.418191097997724,2.097073677712008,9.166051649471035,44.06892262377133,117.57146708788001,22.10368019187657,58.37125443400347,111.01988191131679,20.989568732557785,2.0
30.957266145039902,35.862581778970856,21.304646100524245,10.381815144717528,3.0314829475326377,7.446636695686386,16.302069691421135,2.12645658523035,9.366720435308384,44.435776423900656,117.62987283193426,22.216220943840682,58.35101333574853,111.46532761796588,20.96336927775516,2.0
31.31467835162223,35.30217372528807,20.937281535572993,10.50518577044132,2.6379316064568377,7.31082426406703,16.2536938378698,1.9026739014155158,9.29561025334629,44.9128926804942,117.22325996875479,22.084553682586755,58.23369728873012,111.48651408544205,20.70216731745274,2.0
31.041156135209526,34.91773341198428,20.44232338239487,10.564082009705325,2.435943462914027,7.337926672466913,16.212368143444262,1.7871892957597075,9.29510035536468,44.45279456218782,117.53325075280672,21.95603622772124,58.25283885167806,111.15337174079198,20.767575623714237,2.0
31.095036332860552,35.23104677581618,21.351537448103233,10.350850571775242,2.3775255838161637,7.319352398259142,16.285854365670705,1.8515162951902029,9.327848002479211,44.27409809497802,117.72328456791932,22.032202793881865,57.485891915906926,112.2211552376711,20.67955600191349,2.0
31.167824339522205,34.67403614641648,21.36724830797675,10.513227315561888,2.4950268312760815,7.282812121142382,16.223199922284124,2.0020691850467736,9.321780149284287,44.35399905716776,117.7864030093473,21.945075503374117,58.05362654894548,111.65874986611264,20.59747610239512,2.0
31.329479928669727,35.545766680965244,21.062966940331716,10.344085080943188,2.714532494542942,7.245574123890473,16.234198890597167,1.8745749307649295,9.236533430396086,44.89270558656544,116.77577214080101,21.998983315939288,58.16335329267777,111.11317715833047,20.563196053595348,2.0
30.95439802879757,34.69569374723501,21.84975078130169,10.633721759530493,2.36927251599754,7.383144705470004,16.01145123355031,1.8744872875453154,9.341403489176956,44.69903684753519,117.2188716084094,22.205291581744348,57.46607332969882,112.04978690668459,20.949077006745817,2.0
31.440382404319152,34.837712266144,21.105716105916848,10.490089607377138,2.389146637025238,7.206649324591566,16.121673827082105,1.6978557522740432,9.236722350901967,45.070420082322585,116.5441392007726,22.06839463167815,58.09173053611395,111.00206512536278,20.83233302722437,2.0
31.360713579783532,34.6616378647449,21.606512991420793,10.601236665167685,2.391189264857063,7.165975068295959,16.16214645768554,1.6034361618843902,9.236250542971325,44.79913830276632,117.28935148769548,21.996704474700998,58.363827448777094,111.1295329616608,20.924212850985004,2.0
31.588115639533914,34.759480574181794,20.974341210851883,10.579045340597599,2.1846419471240037,7.050248174938556,16.156848429189935,1.4959241718272498,9.10360031298984,44.810900978502914,117.05786413435288,21.909357955175956,57.84413572294713,111.45337425306307,20.762177975965685,2.0
31.57914979805801,34.68425553742649,20.878614302731265,10.852258973910333,2.526405666624937,7.350165034813216,16.012069352142728,1.505470811197405,9.277299439160684,44.392632334620416,117.36458308074396,21.84053404486421,58.77954845626675,110.4093294110373,20.89278264740504,2.0
31.759989049305098,34.87061573792078,19.64043422415555,10.525077489393201,2.3828688768636397,7.331631718276658,16.199322282428575,1.6335579509597165,9.306135367262582,44.53413506126567,117.45615151090924,22.03439620589819,57.68047916660039,111.75479680817378,20.922304861249735,2.0
31.332116126249712,34.39938093513763,21.188763026512795,10.585778822858463,2.100101569091251,7.278331004912079,16.172549065611413,1.5137357209003512,9.238277727314513,43.66460574305195,118.09887763796634,21.795857491139714,56.942370774088644,112.00715987367228,20.93720913577326,2.0
31.79282911141718,34.40598840718427,20.605161128906282,10.680041700287138,2.3883866077698777,7.255415265585123,15.986272255969558,1.6633678972329018,9.244276114599092,44.29391672435885,117.61472704598583,21.82294844277877,57.89545993896269,111.39329908805306,20.638251011809686,2.0
31.53593319391815,34.506591144811885,20.558381966985834,10.917408264410456,2.41323432340637,7.293337411773196,16.060804916630342,1.648583945529306,9.19581288367467,44.28425388349898,117.40649625046083,21.655412560814444,58.93425876089354,110.27510267125231,20.695462556587206,2.0
31.329763678357693,34.91695152391428,20.041477067380384,10.849405538539614,2.3556661603403457,7.436214168126896,16.064232650653576,1.5470627721691503,9.242470901889853,43.96295265557859,117.83473952561275,21.72089329704805,58.41298168865316,110.81480545379175,20.78917112961663,2.0
31.574499785504955,34.463777643813955,20.19940526362367,11.038139979834964,2.463107195201161,7.548475929478891,15.953978657484564,1.5086180612193862,9.350689161403464,44.504998080422276,117.56697746536247,21.89137376800421,59.549403397537255,110.09518808391482,21.16592166583123,2.0
31.00345485346003,34.71505064023116,20.11224676201898,11.048671701443888,2.6286875723626033,7.4984639313389705,16.207443752297497,1.5448032021895397,9.26613001890125,45.09619066282254,116.61536350597459,21.854500288189033,59.72903379568322,109.63430973015713,20.898662339029993,2.0
31.144304276573713,34.83116747360616,20.11046755403783,10.968168088546234,2.436691658056063,7.505804235628352,16.093709752945824,1.5498126208873655,9.317612218358915,44.18416351876288,117.31126410761472,21.828425911567077,59.218776815000815,110.16947366825899,20.973525609191302,2.0
31.55217621031332,34.39751032488701,19.848485995717088,10.881389309062264,2.3747767308987,7.471183384357098,16.10061447805965,1.514835420926848,9.30661720283982,44.65090566930434,117.21281227418368,21.83505315306318,59.465805161715004,110.31279516799843,20.797178120215463,2.0
30.992195697348688,33.929869936440895,20.418018127752838,11.199369152463065,2.2711699300599224,7.571373885324593,16.23713996169915,1.355134814624684,9.277998008013125,43.77691380794437,117.81911812650648,21.899979824005683,58.161528672525854,111.31671695351389,21.12461016568358,2.0
31.27950460574275,33.70720656374153,21.053292865686345,11.172741011044563,2.077785510221478,7.519426882594722,16.115028432749654,1.3960151999468509,9.329581621086765,44.15292814175391,117.33429050862323,21.804358869395262,59.137558734853826,110.16226287519794,21.054000433181052,2.0
31.095594275507306,33.888364938922045,21.538071599801505,11.373473801832171,2.5970040640506866,7.497981034352638,16.031198608017586,1.5706212736463518,9.28893651921291,44.21367628814257,117.44633056350456,21.806229519309987,58.44236954352514,111.16060361280294,20.766307874004376,2.0
30.91132018460533,34.171406226583585,21.158709802340272,11.195889989663453,2.311699891627089,7.519373338750349,15.975258528676695,1.5706364312626477,9.269406337712457,44.502250644807816,117.05031965007778,21.94352180171848,58.92116156673722,110.44413089996863,21.01257566553424,2.0
30.735592880731343,34.297530363924615,20.428788315987543,11.222516930589252,2.2156967221672113,7.569654586764408,16.003132669793246,1.588367739817331,9.426222826202483,44.33334691940908,117.46494613591109,22.012723135657833,58.452417897910934,111.2884318132931,21.029268451197,2.0
30.726690038023424,34.557430695414496,20.99441260791677,11.163670206847412,2.3064566725911515,7.440727317163343,16.222029864962764,1.39200355284897,9.259796617062245,43.529922435982336,118.12763727523128,21.842912997152553,58.24531404341078,111.57577512462036,21.15834529117857,2.0
31.137193383172566,33.84761255322037,21.761649424048766,10.994705376745815,2.351687958612924,7.18907584224067,16.149383775768005,1.3887786871423502,9.160722701943717,44.177532867576204,117.27404672373214,21.663322347334244,59.50178232097047,109.65142302268917,20.964478718992304,2.0
30.351845540553068,33.78162461497577,22.52071593977577,11.163579163183313,2.2863217499715818,7.208520272247113,16.19329283457117,1.3846890323507508,9.126814396886727,44.84180489352521,116.93953581753395,22.00403535664067,59.12318050084967,110.58824866160354,21.159147637428386,2.0
31.08206176123605,33.82696065377897,21.79529371681499,11.181354650619948,2.4963430734882466,7.381890855668846,16.10419014084219,1.3027261331894566,9.19685330827267,44.63407758085963,116.52296118568216,21.88682430012705,60.127684221512084,109.05350479393744,21.030277946378103,2.0
30.919584710523342,33.52730520282671,21.52507124258103,11.253051707227572,2.535435663132357,7.393589946066103,15.989361505979263,1.2824245849859897,9.162411898093549,44.25588772672311,117.4818005223806,21.885963737643028,59.04860665885816,110.71050387231087,20.981467887153162,2.0
31.00413458421692,33.96149511007167,21.187479157552627,11.09892755800316,2.41521204937368,7.529612518163795,16.273197459487562,1.229932138507093,9.24878800235583,44.09683402648384,117.2341936100739,21.867245383525805,59.60487384019549,110.12077924040113,21.101433449828708,2.0
30.8493419781925,33.235318859010235,22.81327883145664,11.193793768349105,2.602709225659114,7.396059554408943,16.40513324898089,1.256275055192556,9.342777156143178,44.5735244650596,117.51115320708159,21.861247479057525,59.50218325786606,110.40413128542741,21.153371605563567,2.0
31.17827293904477,33.95891856663259,21.914181637798592,10.969393154726609,2.5052139683993966,7.2340532306968015,16.300639784491256,1.2179340314897862,9.192801182232579,44.92656412647203,116.95528475868159,21.80261278241356,59.9091251907861,109.5314116552841,20.88609500121103,2.0
31.018643232747,33.45384572920562,22.32693933798072,11.166528991583988,2.545070775509881,7.248884058947717,16.277453495792805,1.3200068235688962,9.375783857473023,45.23702976684341,117.1454567810971,21.97792112695011,59.58808141094395,110.43294841341775,21.04188833230318,2.0
30.997801164388317,33.721625228850876,22.21966880729076,10.962913592260465,2.4067467204097266,7.18017537324363,16.26906309167215,1.3272874494189113,9.176093272882792,45.07155847370769,116.79352748696624,22.042275791362993,58.943678164274374,110.6846862413646,20.89801515834023,2.0
31.09574409459522,33.71957348398294,20.96302442046634,11.051761365653496,2.4115944960751943,7.577985835683022,16.121433102518942,1.32946179934412,9.400228198655096,45.36456439093707,116.64483736216258,22.023151824481538,59.6175800518731,110.43815441461307,20.936379081876115,2.0
30.861277067153953,33.95847873581011,21.218701318833343,11.147276854182941,2.551832970127901,7.390978569819003,16.239374867807477,1.4021101466892665,9.35932505836481,45.448154097288636,116.66213987408696,22.02407794612102,59.791692671177884,110.42967827594798,21.047379467290902,2.0
31.156879037266073,33.82389172183258,21.43186777314871,11.215759073019154,2.1254584489666444,7.407198180362248,16.163397185920285,1.39950663387417,9.456351453325535,45.08459943392124,117.5924130566363,22.039894325608874,59.49237228718917,111.00746830074185,21.139783359414874,2.0
30.949901959171044,33.817974786447714,21.227919977895986,11.012383261827205,2.3136108745205197,7.242260388033129,16.202064750482155,1.4236900215876556,9.264659625394916,45.465006791973146,116.56815096039605,21.97599869518601,59.6199663132201,110.16692110495727,20.764639749662958,2.0
31.061487965040005,33.38534160029339,21.33517256421108,11.422020747605016,2.525931549207071,7.473404276383337,16.11582363942227,1.5185729158279608,9.43222994692807,45.56029334275651,116.70707931192193,22.02948558595119,60.352858883137905,109.74669022540664,20.99767801827734,2.0
30.63172756066774,33.92521058499894,21.793803657501027,11.363742960166295,2.500988324556797,7.6699264076347475,16.10857100792936,1.4414976361680947,9.497793592020322,46.44075223906385,115.41195338425557,22.279441617964306,59.953073258081844,110.12618396661554,20.788022952459226,2.0
30.71692887136805,33.395743865866194,22.891748554672404,11.459938553482584,2.557305306169462,7.381829156928776,15.860296149817366,1.5497810793819489,9.346617837324208,46.45500487084901,115.22691482513872,22.23562918578714,60.254574673644164,109.18757266222498,20.88323009911197,2.0
30.5428223956316,33.45920840657832,22.83728164701159,11.460764765685086,2.6354934990344128,7.541114632873644,15.9506799469074,1.5679822003375254,9.36283892412913,46.60691258904706,115.22398065348783,22.30923715067804,59.883821108624616,110.01712560742912,20.817062263439816,2.0
30.734856245575727,33.29552535151971,22.985113496399293,11.435134596675242,2.3961171147322147,7.6491656055884265,15.977318061306798,1.4367702605968315,9.430957429081184,46.19176477519219,115.73875325308313,22.23266301071108,60.02312794397833,110.17253145204043,20.859467941685747,2.0
30.67085154025909,32.88747371437169,21.90254593755778,11.499079637920874,2.2462135887872696,7.598318729596444,15.926306129099501,1.3401190492719524,9.360059758319624,45.916575038075884,116.08094591800177,22.096880059078753,60.51370078625968,109.41867604744863,21.167603053213462,2.0
30.546617212338095,32.51740569103986,23.915063843910502,11.874679614677467,2.8355780270320343,7.810448604635647,15.811227702553452,1.408958877109412,9.307608458463843,46.19288520629576,115.74610935330966,22.015630761081294,60.18920927895202,110.04379662481799,20.660624401536836,2.0
30.469793080747408,33.08342932612622,21.78347528426933,11.845568744495868,2.70984729046113,8.00698483556302,15.793519856749398,1.2984632343638365,9.47378022243422,45.99711775197788,115.93849085796228,22.167386568804286,59.981961210756396,110.31317875584962,20.901417922729387,2.0
30.1725144152849,33.067055436383804,21.954642369742725,11.76838095284694,2.827758500689218,7.886471196057747,15.911056703395381,1.3412086146261537,9.4438493671267,46.28059598252078,115.73799472056854,22.117302119235102,60.61974080535938,109.7342464578889,20.973227362833686,2.0
30.688451978056595,32.77674239772586,23.173959720054985,11.934617425445442,2.674704971159989,7.921411617153882,15.822542440255281,1.4111652724007409,9.478796500217964,46.62140365554828,115.50316547757338,22.22827356842026,60.85497363335158,109.32805939716513,20.94938500128217,2.0
30.579578493281147,33.38508505690037,21.89979553082532,11.629556169367273,2.7630644689372,7.746329824887026,15.910735604161726,1.3985307345946305,9.305846710861672,45.875622539955366,115.97078703104613,22.0078506321781,60.04361499543369,110.3120506103399,20.737637072283814,2.0
30.765835224430717,33.472767876906765,21.70648994399747,11.829964943076456,2.7662484839277615,7.8506554387368315,15.908348427372573,1.4210744692977266,9.39879885459844,45.98997614301087,116.24595151865697,21.89319188650462,61.47565678029583,108.93651537164575,20.920615641218006,2.0
30.51308250145486,33.1357222431912,23.121670427280073,11.996923265263183,3.244454283144993,8.030585357805702,15.880950130515469,1.495004452312468,9.54749452881373,46.75042087376619,115.12587562209794,22.239360923399563,60.737649965456306,109.44034041788788,20.800031178354704,2.0
30.321650084485405,33.351413588625846,22.096213327197717,12.03986202204809,3.225670043265273,7.804613402590271,15.821219644960944,1.4542312954002639,9.394746419010225,46.8609484635901,115.20159773202872,22.189364794117314,60.77602147857023,109.42353573322289,20.84016663213254,2.0
30.44901610541606,33.626849646084054,22.037392581260036,11.927873998932178,2.9603220934700794,8.03232287409494,15.865675151799621,1.4410805726833762,9.427804226685652,46.8095175221745,115.29396045378499,22.1268207405484,60.37518614230281,110.21242349884064,20.514396309602397,2.0
